重现期T_年,历时t_min,强度q_L_per_s_ha,雨量P_mm
1,30,157.81,28.4
1,60,112.74,40.6
1,120,77.65,55.9
1,180,61.77,66.7
2,30,193.44,34.8
2,60,138.19,49.7
2,120,95.18,68.5
2,180,75.71,81.8
3,30,214.28,38.6
3,60,153.08,55.1
3,120,105.43,75.9
3,180,83.87,90.6
5,30,240.54,43.3
5,60,171.84,61.9
5,120,118.35,85.2
5,180,94.14,101.7
10,30,276.17,49.7
10,60,197.29,71.0
10,120,135.88,97.8
10,180,108.09,116.7
20,30,311.8,56.1
20,60,222.74,80.2
20,120,153.41,110.5
20,180,122.03,131.8
50,30,358.9,64.6
50,60,256.39,92.3
50,120,176.59,127.1
50,180,140.47,151.7
