cn_scale,cost_scale,dt_scale,径流优先_ΔQ3_m3,径流优先_ΔT_℃m2,均衡_ΔQ3_m3,均衡_ΔT_℃m2,降温优先_ΔQ3_m3,降温优先_ΔT_℃m2,径流优先_硬化区占比,径流优先_绿地区占比
1.0675,1.1198,0.8429,213.8,23162,213.1,23713,209.7,26347,1.0,0
1.0651,0.9813,0.8361,246.1,26217,245.0,26840,239.8,29822,1.0,0
1.0219,0.9569,0.8906,289.7,28638,283.8,29318,256.0,32575,1.0,0
1.0585,1.1582,0.8262,213.6,21949,212.0,22470,204.6,24967,1.0,0
1.0943,1.0991,0.7277,207.5,23172,207.5,23172,207.5,23172,1.1719,0
0.9589,0.9947,1.199,200.8,37089,197.0,37970,179.2,42189,1.0,0
0.9947,1.1778,0.712,205.3,18601,201.3,19043,182.1,21159,1.0,0
0.9269,1.0566,0.819,159.7,23848,156.8,24415,142.9,27128,1.0,0
1.077,0.9007,1.0173,258.1,39532,258.1,39532,258.1,39532,1.2837,0
1.0147,0.8053,1.2609,334.9,48174,328.1,49318,295.6,54798,1.0,0
1.0015,1.0601,0.915,236.7,26558,232.0,27188,209.6,30209,1.0,0
1.085,1.0198,1.1557,226.0,39664,226.0,39664,226.0,39664,1.2114,0
1.0756,1.0652,1.2182,218.6,40027,218.6,40027,218.6,40027,1.188,0
0.9233,1.1084,0.8936,149.4,24805,146.7,25394,133.7,28216,1.0,0
0.9774,0.8313,1.2634,265.1,46762,260.1,47873,235.9,53192,1.0,0
0.94,1.1644,0.8349,155.3,22064,152.4,22588,138.8,25098,1.0,0
0.999,1.1412,1.0013,216.9,26999,212.6,27641,192.2,30712,1.0,0
1.0854,0.9382,0.7982,245.5,29779,245.5,29779,245.5,29779,1.259,0
0.9734,0.8128,0.7294,265.4,27615,260.4,28270,236.3,31411,1.0,0
1.0205,1.0023,0.7018,277.6,21545,271.9,22057,244.7,24508,1.0,0
1.0295,1.1961,0.8634,226.8,22211,222.8,22739,203.5,25265,1.0,0
1.0452,0.8657,0.7645,298.7,27171,295.0,27816,277.2,30907,1.0,0
1.0408,0.8243,0.9183,318.1,34278,313.7,35092,292.3,38991,1.0,0
1.0817,0.912,1.0641,253.6,40837,253.6,40837,253.6,40837,1.2761,0
0.9029,1.0042,1.054,148.1,32295,145.4,33062,132.6,36735,1.0,0
1.0254,0.8564,0.7029,320.6,25254,314.5,25853,285.2,28726,1.0,0
0.9419,1.1532,0.9937,158.3,26513,155.4,27143,141.5,30159,1.0,0
0.9405,1.0819,1.0015,167.5,28484,164.4,29160,149.8,32400,1.0,0
1.0044,1.0025,1.2144,254.3,37271,249.3,38156,225.0,42396,1.0,0
0.9939,1.0158,0.9358,237.1,28346,232.5,29019,210.3,32243,1.0,0
1.0029,1.1059,1.2081,228.7,33612,224.1,34411,202.4,38234,1.0,0
0.9186,1.0322,1.2819,156.5,38213,153.7,39120,140.1,43467,1.0,0
0.9285,1.0864,0.8481,156.7,24021,153.8,24591,140.2,27324,1.0,0
0.9169,1.079,0.8593,148.4,24504,145.7,25086,132.8,27874,1.0,0
0.905,0.8382,0.8151,179.4,29922,176.2,30633,160.6,34037,1.0,0
1.0228,0.8499,0.9928,325.4,35942,318.9,36796,288.0,40884,1.0,0
1.0661,0.9346,1.1641,257.5,38324,256.5,39234,251.6,43593,1.0,0
1.0431,0.9417,0.7696,276.6,25146,272.9,25743,255.3,28603,1.0,0
0.9523,0.8178,0.8599,235.9,32354,231.5,33122,210.7,36802,1.0,0
1.0175,0.8015,0.938,341.8,36012,334.8,36867,301.4,40964,1.0,0
1.0914,0.9171,0.8293,249.5,31648,249.5,31648,249.5,31648,1.2726,0
1.0806,1.1995,0.7165,193.1,20908,193.1,20908,193.1,20908,1.1294,0
1.072,1.1467,1.2335,205.2,33097,204.9,33883,203.8,37648,1.0,0
1.016,0.9737,1.236,279.0,39060,273.3,39987,246.2,44430,1.0,0
1.0738,0.8809,0.9441,265.2,32976,265.2,33760,264.8,37511,1.0,0
0.9365,0.8621,1.0487,205.8,37430,202.1,38319,184.1,42577,1.0,0
0.9133,0.9708,0.982,161.8,31124,158.8,31864,144.8,35404,1.0,0
0.9646,1.031,0.8634,199.7,25767,196.0,26379,178.1,29310,1.0,0
0.978,1.0022,1.1473,220.7,35225,216.5,36061,196.3,40068,1.0,0
0.9667,0.9243,0.9796,225.2,32608,220.9,33382,200.7,37092,1.0,0
0.9532,0.9058,0.9271,213.9,31495,210.0,32243,191.0,35826,1.0,0
1.0261,1.016,0.8919,269.7,27012,264.6,27653,240.3,30726,1.0,0
1.0059,0.9394,0.8031,273.6,26306,268.1,26930,242.0,29923,1.0,0
1.0519,1.0313,1.2734,245.4,37994,242.9,38897,231.2,43219,1.0,0
0.9322,0.8278,1.1506,209.6,42772,205.8,43787,187.5,48653,1.0,0
0.991,1.0708,1.2164,221.5,34953,217.2,35783,196.6,39759,1.0,0
0.9518,1.1767,1.0133,163.5,26497,160.5,27126,146.0,30140,1.0,0
1.0459,0.9708,1.0903,265.8,34556,262.6,35377,247.0,39308,1.0,0
0.9691,0.8947,1.0894,235.6,37466,231.2,38356,210.0,42618,1.0,0
1.0891,1.1333,1.0005,202.4,30898,202.4,30898,202.4,30898,1.1566,0
0.9442,1.0173,1.2004,181.7,36305,178.3,37167,162.4,41297,1.0,0
1.0594,1.0912,0.8279,225.9,23343,224.4,23898,216.9,26553,1.0,0
0.9978,1.0207,0.8898,241.0,26822,236.3,27459,213.6,30510,1.0,0
1.0257,0.8906,1.168,308.0,40357,302.2,41315,274.2,45906,1.0,0
1.0271,0.9199,0.9385,297.0,31393,291.5,32138,265.1,35709,1.0,0
1.0632,1.1941,1.0067,203.7,25940,202.6,26556,197.5,29507,1.0,0
1.0025,1.0571,0.9848,238.6,28663,233.9,29344,211.3,32604,1.0,0
1.0894,0.9701,0.8123,236.4,29307,236.4,29307,236.4,29307,1.2394,0
0.9844,0.8833,1.0239,259.0,35667,254.0,36514,230.2,40571,1.0,0
0.9122,1.0082,1.2394,154.9,37825,152.1,38723,138.7,43025,1.0,0
0.9873,1.0678,0.953,217.7,27461,213.5,28113,193.3,31237,1.0,0
0.9552,0.9341,1.1531,209.7,37981,205.8,38883,187.2,43204,1.0,0
1.0984,0.9599,1.2041,236.4,43901,236.4,43901,236.4,43901,1.2455,0
0.9645,0.8434,0.9656,243.9,35227,239.4,36064,217.5,40071,1.0,0
0.9759,0.8602,0.7261,254.1,25972,249.3,26589,226.2,29544,1.0,0
0.9477,1.0352,0.9918,181.8,29478,178.5,30178,162.4,33531,1.0,0
1.0246,1.0245,0.7789,268.6,23393,263.4,23949,238.6,26610,1.0,0
0.9157,0.8476,0.9055,187.7,32870,184.3,33650,168.0,37389,1.0,0
0.9084,0.9605,0.7927,159.4,25395,156.5,25998,142.7,28887,1.0,0
0.9105,1.1126,0.836,139.1,23118,136.6,23667,124.5,26297,1.0,0
1.0962,0.9508,0.8521,239.3,31365,239.3,31365,239.3,31365,1.2511,0
0.9078,0.9805,0.7497,155.7,23527,152.9,24086,139.3,26762,1.0,0
0.9341,1.0818,1.0624,161.9,30215,159.0,30933,144.9,34370,1.0,0
0.9589,1.0052,1.1627,198.7,35589,195.0,36434,177.3,40482,1.0,0
1.0082,1.1114,1.2255,234.2,33929,229.5,34735,207.0,38595,1.0,0
1.0758,0.8159,1.1105,285.3,47635,285.3,47635,285.3,47635,1.3481,0
1.0924,1.1492,1.0797,198.9,32883,198.9,32883,198.9,32883,1.1498,0
1.0949,1.047,1.0803,217.7,36112,217.7,36112,217.7,36112,1.1972,0
0.9346,0.9826,0.8664,178.8,27131,175.6,27775,160.0,30861,1.0,0
1.0327,0.9748,1.1267,275.8,35561,271.1,36406,249.0,40451,1.0,0
1.0852,1.1405,0.9533,202.0,29257,202.0,29257,202.0,29257,1.1535,0
1.0083,0.915,0.908,284.5,30533,278.8,31258,251.5,34731,1.0,0
0.9385,1.1422,1.0049,157.0,27070,154.1,27713,140.4,30792,1.0,0
0.9753,1.0757,1.2867,202.6,36805,198.7,37679,180.3,41866,1.0,0
0.9836,0.9032,1.1246,252.3,38313,247.5,39223,224.3,43581,1.0,0
0.9317,0.8373,0.9168,206.7,33690,202.9,34490,184.9,38322,1.0,0
1.0024,1.1232,0.7272,224.5,19923,220.1,20396,198.8,22663,1.0,0
1.0952,1.1902,0.8047,191.4,23664,191.4,23664,191.4,23664,1.133,0
1.0456,1.0568,0.76,244.5,22128,241.4,22654,227.0,25171,1.0,0
1.0475,1.1093,0.9774,231.5,27110,228.8,27754,215.9,30838,1.0,0
0.921,1.1381,0.9345,143.7,25265,141.1,25865,128.6,28739,1.0,0
0.9213,0.8549,1.1243,191.6,40465,188.2,41426,171.5,46029,1.0,0
1.0579,1.185,0.8383,209.2,21768,207.6,22285,200.1,24761,1.0,0
1.0896,0.88,0.8493,260.5,33778,260.5,33778,260.5,33778,1.2983,0
0.9523,1.1326,1.0143,170.3,27556,167.1,28211,152.1,31345,1.0,0
0.9318,1.0569,0.9965,163.8,29012,160.8,29701,146.6,33001,1.0,0
1.0295,1.0444,1.2289,259.8,36206,255.2,37066,233.1,41184,1.0,0
0.9983,1.1513,0.792,214.2,21167,210.0,21670,189.8,24078,1.0,0
0.988,1.1602,1.217,201.0,32276,197.1,33042,178.5,36714,1.0,0
0.9107,1.1635,0.8909,133.2,23561,130.7,24121,119.2,26801,1.0,0
0.9709,0.864,0.9226,246.4,32857,241.8,33637,219.5,37375,1.0,0
1.0285,0.9647,1.1023,282.0,35158,276.9,35993,252.5,39992,1.0,0
1.0482,0.8112,0.968,315.8,36714,312.2,37586,295.0,41763,1.0,0
1.0445,1.1885,1.2252,218.1,31719,215.3,32472,202.0,36080,1.0,0
0.9042,1.1116,0.905,134.7,25051,132.3,25646,120.6,28496,1.0,0
1.0175,0.8717,1.1692,314.3,41272,307.9,42252,277.2,46947,1.0,0
0.9968,1.1264,1.0762,217.2,29399,213.0,30097,192.5,33442,1.0,0
0.9456,1.0943,1.2417,170.1,34916,167.0,35745,152.0,39716,1.0,0
0.9364,1.1666,1.2303,152.0,32448,149.2,33219,136.0,36910,1.0,0
0.9026,1.1353,0.7687,130.8,20835,128.4,21329,117.1,23699,1.0,0
1.0391,0.9044,0.8731,291.6,29704,287.3,30410,266.8,33789,1.0,0
1.0572,0.8494,1.1428,292.5,41399,290.3,42382,279.3,47091,1.0,0
1.0586,1.1133,0.8619,222.1,23822,220.5,24387,212.8,27097,1.0,0
0.9662,1.118,1.1251,185.7,30964,182.2,31699,165.5,35221,1.0,0
1.0155,0.8746,1.1493,309.7,40433,303.5,41393,273.3,45993,1.0,0
0.9582,1.1405,1.0563,174.5,28499,171.3,29176,155.7,32418,1.0,0
0.9598,1.1283,0.7297,177.9,19898,174.5,20371,158.7,22634,1.0,0
0.9929,0.8472,0.9934,282.7,36082,277.2,36939,250.8,41043,1.0,0
1.0119,0.869,1.04,305.7,36824,299.5,37699,270.0,41888,1.0,0
1.0023,1.0608,0.8023,237.6,23271,232.9,23824,210.4,26471,1.0,0
1.0852,0.9889,0.9331,233.0,33024,233.0,33024,233.0,33024,1.2284,0
0.9971,0.8398,0.8281,291.8,30341,286.1,31061,258.6,34513,1.0,0
1.0774,0.9612,0.8079,241.8,29421,241.8,29421,241.8,29421,1.2448,0
1.0583,0.8498,1.0589,291.3,38339,289.1,39250,278.9,43611,1.0,0
0.99,1.0228,1.1059,230.5,33269,226.0,34059,204.6,37843,1.0,0
0.984,0.9563,1.0815,238.7,34796,234.1,35623,212.2,39581,1.0,0
1.0392,1.0007,1.1104,263.4,34144,259.6,34955,241.1,38839,1.0,0
0.9347,0.9019,1.0935,194.9,37307,191.3,38193,174.3,42436,1.0,0
1.0311,1.1377,1.1911,237.3,32213,233.2,32978,213.6,36642,1.0,0
1.0957,1.0487,1.1565,217.1,38597,217.1,38597,217.1,38597,1.1963,0
0.9952,1.1446,1.0391,211.9,27933,207.7,28596,187.9,31774,1.0,0
0.9754,0.8957,0.784,243.4,26930,238.8,27570,216.7,30633,1.0,0
1.0552,0.9508,0.8282,263.1,26804,260.9,27440,250.0,30489,1.0,0
1.0294,1.0097,0.9857,268.8,30037,264.0,30750,241.1,34167,1.0,0
0.9317,1.0115,1.0681,171.0,32490,167.9,33261,153.0,36957,1.0,0
0.9669,0.9383,0.9041,222.0,29646,217.9,30350,197.9,33723,1.0,0
0.9341,1.0096,1.1352,173.5,34598,170.4,35420,155.2,39355,1.0,0
0.9232,0.8162,1.0504,202.8,39601,199.1,40542,181.5,45046,1.0,0
1.0136,0.86,1.2029,311.7,43038,305.4,44060,275.2,48955,1.0,0
0.9873,1.1395,1.1332,204.0,30600,200.0,31327,181.2,34808,1.0,0
1.0275,0.9446,1.237,288.9,40292,283.6,41249,258.1,45833,1.0,0
0.9606,0.9706,0.7429,207.6,23552,203.8,24111,185.2,26790,1.0,0
0.9705,0.9037,1.1908,235.0,40544,230.6,41507,209.4,46119,1.0,0
0.9949,0.9022,0.8674,268.4,29582,263.1,30285,238.0,33650,1.0,0
0.9628,1.0309,1.062,197.8,31698,194.1,32451,176.4,36057,1.0,0
0.9754,1.1146,1.0228,195.6,28234,191.9,28905,174.1,32116,1.0,0
0.9746,1.016,1.2383,213.7,37501,209.7,38391,190.3,42657,1.0,0
0.9275,1.1874,0.7108,142.6,18418,140.0,18856,127.6,20951,1.0,0
0.9821,0.8192,0.998,275.8,37486,270.5,38376,245.2,42640,1.0,0
0.9758,0.8214,0.8493,266.1,31813,261.0,32569,236.8,36188,1.0,0
1.0963,1.0442,0.766,217.9,25676,217.9,25676,217.9,25676,1.1986,0
0.932,1.0536,0.9106,164.4,26593,161.5,27225,147.1,30250,1.0,0
1.0787,0.9547,1.223,243.1,44836,243.1,44836,243.1,44836,1.2487,0
0.9917,0.9924,0.7124,239.8,22087,235.2,22612,212.8,25124,1.0,0
1.0808,0.8525,1.2994,271.6,53345,271.6,53345,271.6,53345,1.3187,0
1.0613,1.1694,0.8058,209.4,21202,208.1,21706,202.0,24117,1.0,0
1.0689,0.8523,1.0666,279.3,38505,278.6,39420,275.1,43800,1.0,0
0.97,0.9224,1.0023,229.7,33436,225.3,34230,204.6,38033,1.0,0
0.9689,0.8395,0.8107,250.9,29711,246.2,30416,223.6,33796,1.0,0
1.0164,1.1388,0.8143,239.1,22004,234.2,22526,210.9,25029,1.0,0
0.9189,0.8097,1.1427,199.8,43421,196.1,44453,178.8,49392,1.0,0
1.0462,1.0379,0.8841,248.4,26210,245.4,26833,231.0,29814,1.0,0
0.9053,1.0194,0.9477,147.8,28603,145.1,29282,132.3,32536,1.0,0
1.0618,0.8542,0.8929,286.2,32163,284.5,32927,276.5,36586,1.0,0
0.9793,1.1665,0.7416,190.8,19561,187.2,20026,169.7,22251,1.0,0
1.0123,0.8929,1.2341,298.2,42526,292.2,43536,263.3,48374,1.0,0
1.0499,0.8697,0.775,292.9,27421,289.7,28072,274.7,31192,1.0,0
0.9195,1.0065,1.0512,161.2,32133,158.3,32896,144.3,36552,1.0,0
0.9239,0.9192,0.7031,180.6,23536,177.4,24095,161.7,26772,1.0,0
0.9934,1.154,0.8756,208.1,23346,204.1,23901,184.6,26556,1.0,0
1.0633,0.9619,0.9424,252.8,30147,251.4,30863,245.1,34292,1.0,0
0.9645,0.8451,1.0872,243.5,39583,239.0,40523,217.2,45026,1.0,0
1.0499,0.9642,1.058,264.2,33763,261.4,34564,247.8,38405,1.0,0
1.0167,0.936,1.1173,291.3,36729,285.4,37602,257.0,41780,1.0,0
0.9384,1.0136,0.9519,176.8,28897,173.6,29584,158.1,32871,1.0,0
1.0387,1.1835,0.76,223.1,19759,219.8,20229,204.0,22476,1.0,0
1.0721,1.1518,0.8076,204.2,21573,204.0,22086,202.9,24540,1.0,0
1.0329,1.1464,0.9452,234.3,25369,230.4,25971,211.7,28857,1.0,0
0.9292,0.9413,1.0979,181.4,35886,178.1,36739,162.3,40821,1.0,0
0.9192,0.9468,1.2127,171.2,39413,168.1,40349,153.2,44832,1.0,0
0.9192,1.1329,1.1748,143.0,31909,140.4,32667,128.0,36297,1.0,0
1.0683,0.9807,0.851,243.3,26700,242.6,27334,239.2,30371,1.0,0
0.9717,0.9313,1.0319,229.6,34095,225.3,34905,204.5,38783,1.0,0
0.9007,0.9488,1.2344,154.9,40031,152.1,40981,138.6,45535,1.0,0
1.0876,0.8885,1.0538,258.6,41509,258.6,41509,258.6,41509,1.2922,0
1.0118,0.9931,0.7878,267.2,24409,261.9,24989,236.0,27765,1.0,0
1.0917,1.1581,1.0791,197.5,32612,197.5,32612,197.5,32612,1.146,0
0.9132,0.81,0.8663,193.9,32907,190.4,33688,173.5,37431,1.0,0
0.946,0.8649,1.1477,215.7,40830,211.8,41800,192.8,46444,1.0,0
0.9598,1.1459,1.1215,175.1,30116,171.9,30831,156.3,34256,1.0,0
1.0145,1.0544,1.066,255.5,31109,250.3,31848,225.5,35386,1.0,0
0.9066,1.0803,0.7896,140.3,22488,137.8,23022,125.6,25580,1.0,0
1.025,1.1879,0.972,231.4,25177,226.9,25775,205.7,28639,1.0,0
0.9773,1.1887,0.7486,185.3,19377,181.8,19838,164.9,22042,1.0,0
0.9806,0.8296,0.9733,270.2,36098,265.1,36955,240.3,41061,1.0,0
0.9998,1.1423,0.9002,217.6,24248,213.3,24824,192.8,27582,1.0,0
1.0783,0.9494,0.7854,244.5,28953,244.5,28953,244.5,28953,1.252,0
0.9258,0.941,0.8846,178.3,28926,175.0,29613,159.5,32903,1.0,0
0.9201,1.0822,1.0785,150.4,30665,147.7,31394,134.7,34882,1.0,0
1.0752,1.196,1.1699,194.7,34236,194.7,34236,194.7,34236,1.1308,0
0.9889,1.0446,0.7173,224.4,21129,220.1,21631,199.3,24035,1.0,0
1.0253,0.8557,0.9621,320.9,34595,314.8,35416,285.4,39351,1.0,0
0.9916,0.8146,0.7616,292.0,28766,286.4,29449,259.2,32721,1.0,0
0.9323,1.0059,1.279,172.6,39125,169.4,40055,154.4,44505,1.0,0
1.0361,0.933,0.7047,285.2,23241,280.8,23793,259.4,26437,1.0,0
0.9916,0.8356,1.2048,284.6,44365,279.1,45419,252.6,50466,1.0,0
1.0578,0.8271,0.7107,299.9,26440,297.6,27068,286.7,30076,1.0,0
0.9362,0.9252,1.2751,191.5,42407,188.0,43415,171.3,48238,1.0,0
0.9937,1.1205,0.81,214.7,22241,210.5,22769,190.4,25299,1.0,0
1.0738,0.8127,0.7682,287.5,29083,287.4,29773,287.0,33082,1.0,0
1.0711,1.002,1.0543,235.6,32375,235.3,33144,233.4,36826,1.0,0
1.0262,1.055,1.0301,259.6,30042,254.7,30756,231.3,34173,1.0,0
0.9429,1.0852,1.2298,169.2,34871,166.1,35699,151.2,39666,1.0,0
0.9821,1.1145,1.1455,202.8,31626,198.9,32377,180.3,35975,1.0,0
0.9188,0.8547,0.7977,189.1,28716,185.7,29398,169.3,32665,1.0,0
1.0082,1.0918,1.0772,238.4,30360,233.6,31081,210.7,34534,1.0,0
0.9932,0.8867,0.9713,270.6,33706,265.3,34506,240.0,38340,1.0,0
0.9634,0.9462,1.0548,216.2,34302,212.2,35116,192.8,39018,1.0,0
0.9548,0.9503,0.7353,205.6,23809,201.8,24374,183.6,27082,1.0,0
1.0751,1.0267,1.2895,226.9,43960,226.9,43960,226.9,43960,1.2077,0
1.0632,0.9525,0.7094,255.4,22916,254.0,23460,247.6,26067,1.0,0
1.0813,0.8131,1.165,284.6,50147,284.6,50147,284.6,50147,1.3505,0
0.9056,0.9693,1.0704,155.6,33979,152.8,34786,139.3,38651,1.0,0
0.9842,0.8918,1.2972,256.3,44756,251.4,45819,227.8,50910,1.0,0
1.0866,1.1135,1.1504,206.6,36158,206.6,36158,206.6,36158,1.1653,0
1.0367,0.9134,0.7181,290.8,24190,286.3,24765,264.8,27517,1.0,0
1.0438,0.8063,1.1097,322.3,42349,318.1,43355,298.0,48172,1.0,0
1.0587,1.0012,0.717,246.9,22036,245.1,22559,236.6,25066,1.0,0
1.0695,0.8014,0.8241,296.4,31642,295.7,32393,292.4,35993,1.0,0
0.9074,1.1343,0.7742,134.2,21002,131.8,21500,120.2,23889,1.0,0
1.0896,1.1702,1.1858,195.9,35465,195.9,35465,195.9,35465,1.141,0
0.9105,1.1251,0.9284,137.6,25389,135.1,25992,123.1,28880,1.0,0
0.9618,1.0073,1.1009,201.4,33628,197.6,34427,179.6,38252,1.0,0
0.9679,1.1186,0.877,187.3,24122,183.7,24695,166.9,27439,1.0,0
0.9706,0.9346,1.1229,227.4,36966,223.1,37844,202.6,42049,1.0,0
0.9018,1.0322,1.2732,143.2,37954,140.6,38856,128.2,43173,1.0,0
1.0441,0.8391,0.9074,309.4,33273,305.4,34063,286.3,37848,1.0,0
0.981,1.0108,1.1645,222.3,35447,218.0,36289,197.7,40321,1.0,0
0.9244,1.1799,0.8181,141.1,21335,138.6,21842,126.3,24269,1.0,0
0.9104,1.035,1.2689,149.4,37721,146.7,38617,133.8,42908,1.0,0
1.0171,0.8907,0.8774,306.8,30308,300.5,31028,270.6,34475,1.0,0
1.0083,0.882,1.0184,295.3,35528,289.4,36372,261.0,40413,1.0,0
1.0678,0.8989,0.9786,266.0,33499,265.2,34294,261.1,38105,1.0,0
0.9889,0.8705,1.2943,269.3,45748,264.0,46835,239.1,52039,1.0,0
0.9557,0.9222,0.7433,212.9,24802,209.0,25391,190.1,28212,1.0,0
1.0924,1.0887,1.091,209.9,35075,209.9,35075,209.9,35075,1.1768,0
0.9922,0.8228,0.7017,290.1,26240,284.4,26864,257.4,29848,1.0,0
1.0065,0.9158,0.7812,281.5,26248,275.9,26871,249.0,29857,1.0,0
0.9194,1.0086,0.7985,160.8,24359,157.9,24938,144.0,27709,1.0,0
1.0199,0.8705,1.0505,318.9,37133,312.4,38015,281.1,42238,1.0,0
0.9612,1.1423,1.1514,177.0,31017,173.7,31753,157.9,35281,1.0,0
0.9894,1.1979,1.0739,196.2,27583,192.4,28238,174.2,31376,1.0,0
0.9931,0.9641,1.2439,248.7,39702,243.9,40644,220.7,45161,1.0,0
0.9225,0.9281,1.2965,177.6,42985,174.4,44006,159.0,48895,1.0,0
0.9791,0.886,0.7578,251.0,26316,246.2,26941,223.3,29934,1.0,0
0.9662,0.9094,1.0984,228.3,37164,224.0,38046,203.5,42274,1.0,0
0.9461,1.1423,0.7669,163.4,20657,160.4,21148,146.1,23498,1.0,0
0.9158,0.8077,0.8292,197.1,31590,193.5,32340,176.4,35933,1.0,0
1.0031,0.9217,0.7855,274.6,26221,269.2,26843,243.1,29826,1.0,0
1.0738,0.9873,0.8371,236.7,26090,236.6,26709,236.3,29677,1.0,0
0.9126,0.9763,1.1077,160.3,34910,157.4,35739,143.5,39710,1.0,0
0.9945,1.0396,1.1269,232.4,33351,227.8,34144,206.1,37937,1.0,0
1.0284,0.8561,1.1791,317.9,42379,312.2,43385,284.6,48206,1.0,0
0.9135,1.0651,0.9719,147.7,28078,145.0,28744,132.2,31938,1.0,0
1.0623,0.996,1.249,245.0,38584,243.6,39500,237.0,43889,1.0,0
1.0001,1.0651,0.8784,233.8,25375,229.2,25977,207.1,28864,1.0,0
0.909,0.8275,1.2697,185.6,47210,182.3,48331,166.2,53702,1.0,0
0.9205,0.8049,1.1189,202.7,42771,199.1,43787,181.5,48652,1.0,0
1.0219,1.147,0.8911,241.6,23903,236.8,24471,213.6,27190,1.0,0
1.0217,1.1691,1.0338,237.3,27207,232.5,27854,209.6,30948,1.0,0
0.9222,0.8008,0.7041,205.5,27054,201.8,27697,184.0,30774,1.0,0
0.93,0.8279,0.8744,207.2,32497,203.4,33269,185.4,36965,1.0,0
1.0089,1.1624,0.9084,224.7,24045,220.2,24616,198.6,27351,1.0,0
0.9115,1.0442,0.8901,149.0,26230,146.3,26853,133.4,29836,1.0,0
0.9066,1.087,0.9508,139.5,26913,137.0,27553,124.9,30614,1.0,0
0.9506,0.975,0.7897,196.1,24922,192.4,25514,175.1,28349,1.0,0
0.9183,1.0984,0.9517,146.8,26658,144.1,27291,131.4,30324,1.0,0
1.0807,0.9339,1.1078,247.9,41515,247.9,41515,247.9,41515,1.2617,0
1.0574,0.9577,0.745,259.3,23937,257.3,24506,247.7,27228,1.0,0
0.9309,1.1004,0.7377,156.5,20628,153.7,21118,140.1,23465,1.0,0
1.0803,0.9776,1.0009,236.9,35834,236.9,35834,236.9,35834,1.235,0
0.9284,0.8883,0.9292,191.4,32185,187.9,32950,171.3,36611,1.0,0
1.0184,0.9204,0.7689,299.0,25706,292.9,26316,263.7,29240,1.0,0
1.0963,0.9162,0.8213,248.3,31373,248.3,31373,248.3,31373,1.2732,0
0.9134,0.86,0.7551,182.7,27016,179.4,27658,163.5,30731,1.0,0
1.0502,0.9424,1.2192,270.0,39807,267.1,40752,253.4,45280,1.0,0
0.9989,1.0231,1.0088,241.9,30340,237.1,31061,214.3,34512,1.0,0
1.0525,0.8693,0.8525,290.5,30175,287.7,30891,274.2,34324,1.0,0
0.954,0.9277,1.111,209.8,36847,205.9,37722,187.3,41914,1.0,0
1.0834,0.9755,0.7216,236.7,25892,236.7,25892,236.7,25892,1.2362,0
1.0629,0.9162,1.2527,265.7,42069,264.3,43069,257.5,47854,1.0,0
0.9285,1.0546,0.7208,161.3,21032,158.4,21531,144.4,23923,1.0,0
0.9003,1.0862,1.2279,135.1,34785,132.6,35611,120.9,39567,1.0,0
0.9176,0.9142,1.1275,175.7,37946,172.5,38847,157.3,43163,1.0,0
0.9214,1.1427,0.9914,143.5,26695,140.9,27329,128.4,30365,1.0,0
1.0801,1.0989,1.0987,210.8,34994,210.8,34994,210.8,34994,1.172,0
0.9294,0.8833,1.2626,193.5,43984,190.0,45029,173.2,50032,1.0,0
0.9799,1.0107,1.2853,221.0,39131,216.8,40061,196.6,44512,1.0,0
0.9382,0.9121,0.7088,196.3,23909,192.8,24477,175.6,27197,1.0,0
1.0806,0.8592,0.8845,269.5,36030,269.5,36030,269.5,36030,1.3137,0
1.0966,1.0783,0.8322,210.9,27011,210.9,27011,210.9,27011,1.1817,0
1.0956,0.9062,0.7194,251.3,27784,251.3,27784,251.3,27784,1.28,0
0.9725,1.1898,0.7557,180.5,19544,177.1,20008,160.7,22231,1.0,0
1.0115,0.8623,1.1645,307.3,41551,301.2,42538,271.5,47264,1.0,0
1.0349,0.83,1.0025,321.7,37165,316.6,38047,291.8,42275,1.0,0
1.0506,1.1174,0.9135,227.5,25153,225.1,25751,213.7,28612,1.0,0
0.992,0.8751,0.8952,272.4,31475,267.1,32223,241.7,35803,1.0,0
0.9656,1.0059,1.1614,205.7,35525,201.9,36368,183.4,40409,1.0,0
0.9642,1.1207,0.9619,183.3,26410,179.9,27038,163.5,30042,1.0,0
1.0121,1.1001,1.0471,241.7,29287,236.8,29982,213.5,33314,1.0,0
1.0605,0.9966,1.1743,246.5,36258,244.9,37119,237.3,41244,1.0,0
0.9937,1.1487,0.7744,209.4,20744,205.4,21237,185.8,23597,1.0,0
1.0368,0.9275,1.1459,286.3,38016,281.9,38919,260.7,43243,1.0,0
1.0956,1.0419,1.034,218.5,34732,218.5,34732,218.5,34732,1.1997,0
0.9237,1.0821,0.9667,153.3,27488,150.5,28141,137.2,31268,1.0,0
1.0478,0.9137,1.2371,280.7,41661,277.5,42650,262.0,47389,1.0,0
0.9427,1.184,0.7232,154.8,18794,152.0,19240,138.4,21378,1.0,0
1.0827,0.8183,0.9897,282.3,42330,282.3,42330,282.3,42330,1.3461,0
0.9153,1.0678,1.0073,148.7,29026,146.0,29716,133.1,33017,1.0,0
0.9763,0.9721,1.0686,225.3,33824,221.0,34627,200.5,38475,1.0,0
1.0811,1.1412,0.9042,202.8,27732,202.8,27732,202.8,27732,1.1532,0
0.9387,0.9678,0.8651,185.5,27505,182.1,28158,165.9,31287,1.0,0
1.0797,1.0721,1.2397,216.2,40471,216.2,40471,216.2,40471,1.1847,0
1.0807,0.9215,0.9651,251.3,36655,251.3,36655,251.3,36655,1.2697,0
0.914,1.1989,1.2731,131.5,32674,129.2,33450,117.7,37167,1.0,0
1.0671,1.1043,0.8437,217.1,23509,216.3,24067,212.7,26741,1.0,0
1.0886,1.1646,1.1464,197.1,34453,197.1,34453,197.1,34453,1.1433,0
0.9141,1.0804,1.1881,146.0,33835,143.4,34638,130.7,38487,1.0,0
0.9202,0.991,0.8739,164.4,27136,161.4,27780,147.1,30867,1.0,0
1.0329,0.8157,1.0045,329.4,37891,323.9,38791,297.5,43102,1.0,0
0.9958,1.0112,1.2131,240.6,36912,235.9,37788,213.3,41987,1.0,0
0.9232,1.0028,0.8858,165.0,27181,162.0,27827,147.7,30919,1.0,0
0.9078,1.0587,1.2442,144.2,36162,141.6,37021,129.1,41134,1.0,0
1.009,1.1142,1.2548,234.6,34652,229.9,35475,207.3,39416,1.0,0
1.006,1.0405,0.8431,247.2,24931,242.2,25524,218.6,28360,1.0,0
0.9516,0.9695,1.0376,198.2,32930,194.6,33712,177.0,37458,1.0,0
1.0115,0.9613,0.9067,275.7,29023,270.2,29712,243.6,33013,1.0,0
0.9181,0.9792,1.2177,164.5,38264,161.5,39173,147.3,43526,1.0,0
1.0347,0.8951,0.7037,298.6,24189,293.8,24763,270.7,27515,1.0,0
1.0888,1.0073,1.0659,227.8,37036,227.8,37036,227.8,37036,1.2182,0
0.9731,0.8733,1.1222,246.7,39538,242.0,40477,219.7,44974,1.0,0
0.9826,0.9593,0.7296,236.3,23402,231.7,23958,210.1,26620,1.0,0
1.0332,0.9299,1.092,288.7,36134,283.9,36993,260.9,41103,1.0,0
1.021,1.0719,1.1615,259.3,33341,254.0,34133,228.7,37926,1.0,0
0.9467,1.0451,0.7897,179.2,23252,175.9,23804,160.1,26449,1.0,0
1.0834,0.9337,1.1501,247.3,43111,247.3,43111,247.3,43111,1.2618,0
0.978,1.1285,1.2023,195.9,32782,192.2,33560,174.3,37289,1.0,0
0.9417,1.0311,0.913,176.9,27244,173.6,27891,158.1,30990,1.0,0
1.0796,0.9857,0.9701,235.2,34446,235.2,34446,235.2,34446,1.2303,0
0.9997,1.0965,1.1828,226.7,33192,222.2,33981,200.8,37756,1.0,0
0.9263,1.1798,1.1707,142.6,30531,140.0,31256,127.6,34729,1.0,0
1.025,1.1069,0.7178,248.3,19953,243.5,20427,220.7,22697,1.0,0
0.9113,1.0143,1.238,153.3,37555,150.5,38447,137.2,42719,1.0,0
1.0958,0.9363,1.2062,243.1,45087,243.1,45087,243.1,45087,1.2601,0
1.0292,0.8698,1.134,312.2,40116,306.6,41069,279.9,45632,1.0,0
0.9844,0.8991,0.9767,254.4,33427,249.5,34221,226.1,38023,1.0,0
0.9576,1.0367,1.1977,191.4,35548,187.8,36392,170.8,40436,1.0,0
1.0926,1.0396,0.9322,219.8,31386,219.8,31386,219.8,31386,1.201,0
0.9336,1.0114,1.0088,172.8,30690,169.7,31419,154.6,34910,1.0,0
1.0805,0.9587,1.2556,241.6,45839,241.6,45839,241.6,45839,1.2462,0
1.0231,1.1796,1.0883,234.2,28389,229.6,29063,207.5,32292,1.0,0
1.0103,0.9509,1.122,276.8,36306,271.2,37168,244.6,41298,1.0,0
0.981,1.0357,0.9471,217.0,28135,212.8,28803,192.9,32004,1.0,0
1.0844,1.1217,0.783,205.6,24432,205.6,24432,205.6,24432,1.1616,0
1.0378,0.9966,1.2885,265.7,39784,261.7,40729,242.4,45254,1.0,0
0.9991,0.8146,1.0477,304.1,39576,298.1,40516,269.4,45018,1.0,0
1.0276,0.9064,1.2764,301.0,43330,295.5,44359,269.0,49288,1.0,0
0.9802,0.9228,0.7972,242.4,26581,237.8,27212,215.6,30236,1.0,0
1.0109,0.991,1.1911,266.5,36982,261.2,37861,235.5,42067,1.0,0
1.0713,0.8947,0.854,263.8,29370,263.4,30067,261.4,33408,1.0,0
0.9903,0.8553,0.9182,276.1,33033,270.8,33818,245.1,37576,1.0,0
0.9578,1.1962,1.0345,166.0,26611,162.9,27243,148.1,30270,1.0,0
0.9767,1.0718,1.0834,204.9,31101,201.0,31840,182.3,35377,1.0,0
1.0243,0.8854,0.8658,311.0,30088,304.9,30803,276.1,34226,1.0,0
0.9046,0.8513,1.2166,176.2,43974,173.0,45018,157.7,50020,1.0,0
1.0385,0.9381,1.0825,281.6,35508,277.4,36352,257.4,40391,1.0,0
0.9792,1.0438,1.1933,213.2,35178,209.1,36013,189.6,40015,1.0,0
1.0342,0.8032,0.9935,333.2,38063,327.7,38967,301.8,43296,1.0,0
0.902,1.0604,0.853,139.6,24752,137.1,25340,125.0,28155,1.0,0
1.0603,1.0729,0.983,229.1,28191,227.6,28861,220.4,32067,1.0,0
0.9648,1.1314,0.7385,182.1,20083,178.7,20560,162.4,22844,1.0,0
1.0698,0.8436,1.1987,281.3,43723,280.7,44761,277.7,49735,1.0,0
1.0231,0.8612,1.222,320.9,43659,314.5,44696,284.2,49663,1.0,0
1.091,0.8221,0.7871,278.4,33511,278.4,33511,278.4,33511,1.343,0
1.0948,1.1348,1.1508,200.8,35493,200.8,35493,200.8,35493,1.1559,0
0.9298,1.0178,0.8403,168.3,25403,165.3,26006,150.6,28896,1.0,0
1.0605,0.8754,1.0806,280.6,37983,278.8,38885,270.1,43205,1.0,0
1.0716,1.0713,1.0203,219.9,29304,219.6,30000,218.2,33333,1.0,0
1.046,0.9436,1.079,273.4,35185,270.1,36020,254.1,40023,1.0,0
1.0104,1.1017,0.9291,239.1,25950,234.3,26566,211.3,29518,1.0,0
0.9502,1.1837,0.9173,161.1,23843,158.2,24410,144.0,27122,1.0,0
0.9011,1.144,0.8142,128.8,21898,126.5,22418,115.3,24909,1.0,0
1.043,0.9646,0.9425,270.1,30066,266.5,30780,249.3,34200,1.0,0
0.9348,1.1914,0.7239,147.6,18695,144.9,19139,132.0,21266,1.0,0
0.968,0.9124,1.0102,229.8,34066,225.4,34875,204.8,38750,1.0,0
0.9988,1.062,0.7104,232.8,20584,228.2,21073,206.3,23414,1.0,0
0.9161,0.9136,1.2957,174.5,43639,171.3,44676,156.2,49640,1.0,0
1.0673,1.1577,0.7343,206.9,19515,206.2,19979,202.8,22199,1.0,0
0.9712,1.1505,1.1601,185.4,31025,181.9,31762,165.1,35291,1.0,0
0.9157,0.9728,0.8915,163.5,28197,160.5,28867,146.3,32075,1.0,0
1.0901,0.8446,0.7792,271.3,32289,271.3,32289,271.3,32289,1.3249,0
1.0474,0.9381,1.1705,273.8,38391,270.6,39302,255.3,43669,1.0,0
1.0778,1.0563,0.9168,219.9,30377,219.9,30377,219.9,30377,1.1925,0
1.0202,1.0055,1.1718,276.5,35858,270.9,36710,243.7,40789,1.0,0
1.0819,1.088,0.9522,212.5,30632,212.5,30632,212.5,30632,1.1771,0
0.9191,0.8485,1.2324,190.8,44693,187.4,45754,170.8,50838,1.0,0
1.0881,0.9826,0.9396,233.7,33470,233.7,33470,233.7,33470,1.2321,0
0.9757,1.1419,1.2791,191.2,34466,187.6,35284,170.2,39205,1.0,0
1.0051,0.9957,1.2519,257.0,38687,251.9,39606,227.4,44006,1.0,0
1.0422,1.0498,1.2907,248.8,37832,245.4,38730,229.2,43034,1.0,0
1.0169,0.8068,1.1254,338.3,42917,331.4,43936,298.4,48818,1.0,0
0.9335,1.0206,1.0098,171.2,30442,168.0,31165,153.1,34628,1.0,0
0.9673,0.9693,1.1355,215.5,36046,211.4,36902,192.0,41002,1.0,0
0.9019,1.0586,1.0939,139.8,31796,137.2,32551,125.1,36168,1.0,0
1.0066,1.1039,1.0925,233.7,30453,229.0,31176,206.7,34640,1.0,0
0.9876,1.1237,0.7466,207.1,20443,203.1,20929,184.0,23254,1.0,0
1.0827,1.1885,0.9892,194.4,29132,194.4,29132,194.4,29132,1.1337,0
1.0335,1.0563,1.1776,253.9,34304,249.7,35119,229.6,39021,1.0,0
1.0165,0.856,0.9267,318.3,33309,311.8,34100,280.8,37889,1.0,0
0.9161,0.9599,0.7825,166.1,25084,163.1,25680,148.7,28533,1.0,0
0.925,0.8774,0.7909,190.3,27737,186.9,28396,170.4,31551,1.0,0
0.9997,0.987,0.8543,251.8,26633,246.8,27266,223.0,30295,1.0,0
0.9807,1.0795,1.2311,207.8,35088,203.9,35922,184.8,39913,1.0,0
0.9578,0.9473,0.9882,209.6,32097,205.7,32859,187.1,36510,1.0,0
0.9647,0.9441,1.0382,218.2,33837,214.1,34641,194.5,38490,1.0,0
0.928,0.9004,1.1792,188.5,40297,185.1,41254,168.7,45838,1.0,0
1.0843,1.0516,1.1348,219.3,37770,219.3,37770,219.3,37770,1.1948,0
0.9136,0.9461,1.224,166.3,39806,163.3,40751,148.9,45279,1.0,0
0.9735,0.917,0.7178,235.4,24086,230.9,24658,209.6,27398,1.0,0
0.9145,1.0754,0.949,147.0,27153,144.3,27798,131.5,30886,1.0,0
0.9659,0.8228,0.764,252.0,28568,247.3,29246,224.6,32496,1.0,0
1.0126,0.982,0.7965,271.6,24959,266.1,25552,239.8,28391,1.0,0
0.994,0.8302,0.838,290.2,31061,284.6,31799,257.4,35332,1.0,0
1.0459,1.1424,0.7386,225.9,19895,223.2,20368,209.9,22631,1.0,0
0.9459,0.8708,0.9223,214.1,32589,210.2,33363,191.4,37071,1.0,0
0.9353,0.8044,0.8522,219.2,32600,215.2,33374,196.1,37082,1.0,0
1.0761,0.8854,1.0625,262.8,42000,262.8,42000,262.8,42000,1.2945,0
1.064,0.9351,0.7566,259.4,24897,258.1,25489,252.0,28321,1.0,0
0.933,0.8233,0.7665,211.6,28646,207.7,29327,189.3,32585,1.0,0
0.9671,1.0023,0.7913,208.1,24290,204.2,24867,185.5,27630,1.0,0
1.0524,1.0537,1.186,239.8,34634,237.4,35457,226.2,39396,1.0,0
0.9113,1.1336,0.8154,137.1,22134,134.6,22659,122.7,25177,1.0,0
1.0876,0.8444,1.0035,272.2,41598,272.2,41598,272.2,41598,1.3251,0
0.9176,0.8122,0.7286,197.9,27602,194.3,28258,177.1,31397,1.0,0
1.0666,1.0441,0.9597,230.0,28280,229.2,28952,225.1,32168,1.0,0
1.0365,0.9442,1.1722,281.5,38200,277.1,39107,256.2,43452,1.0,0
1.0376,0.8066,0.7735,328.4,29507,323.4,30208,299.6,33564,1.0,0
1.0347,1.1474,1.2215,232.9,32756,229.2,33534,211.2,37260,1.0,0
0.9638,1.0715,0.9293,191.3,26686,187.7,27320,170.6,30356,1.0,0
1.065,1.0666,1.173,226.6,33839,225.6,34642,220.7,38492,1.0,0
0.9304,0.9177,0.9112,187.3,30553,183.9,31279,167.6,34754,1.0,0
0.9848,0.8049,1.1617,284.8,44412,279.3,45466,253.1,50518,1.0,0
1.0989,0.9463,0.7458,239.7,27586,239.7,27586,239.7,27586,1.2539,0
0.925,1.1545,0.7507,144.7,20005,142.0,20481,129.5,22756,1.0,0
1.0245,1.0059,0.7959,273.6,24345,268.3,24924,243.0,27693,1.0,0
0.936,1.0579,0.9724,167.3,28284,164.2,28956,149.6,32173,1.0,0
0.9867,0.8589,1.17,269.7,41915,264.5,42911,239.6,47679,1.0,0
0.9587,0.9247,1.115,215.8,37103,211.8,37984,192.6,42204,1.0,0
0.9503,0.8691,0.864,219.6,30588,215.5,31314,196.1,34794,1.0,0
0.9451,1.1294,0.9727,164.4,26500,161.4,27129,146.9,30143,1.0,0
0.9767,1.0506,1.1368,208.9,33293,205.0,34084,186.0,37871,1.0,0
1.0637,0.8764,0.723,277.1,25385,275.7,25988,269.0,28875,1.0,0
1.0526,0.8645,0.786,292.0,27976,289.2,28641,275.6,31823,1.0,0
1.0545,0.8831,0.7979,284.0,27799,281.5,28459,269.3,31622,1.0,0
0.947,1.1417,0.7303,164.2,19682,161.2,20149,146.8,22388,1.0,0
1.0569,1.064,1.1982,233.8,34652,231.9,35475,223.0,39417,1.0,0
0.9386,1.1735,0.747,152.9,19586,150.1,20051,136.7,22279,1.0,0
1.0517,1.1177,0.9299,226.6,25600,224.3,26208,213.4,29120,1.0,0
1.0767,0.8427,1.1089,275.9,46055,275.9,46055,275.9,46055,1.3264,0
0.9645,1.0862,0.9439,189.4,26738,185.9,27373,168.9,30414,1.0,0
1.0395,1.1349,0.7993,232.0,21672,228.7,22186,212.6,24652,1.0,0
0.9924,1.0749,1.1828,222.2,33856,217.8,34660,197.1,38512,1.0,0
0.9337,1.1703,1.1151,149.4,29319,146.7,30015,133.7,33350,1.0,0
1.0779,1.025,1.2262,226.6,41872,226.6,41872,226.6,41872,1.2086,0
1.0811,0.8987,1.0226,257.6,39825,257.6,39825,257.6,39825,1.2851,0
0.966,0.8959,1.0981,231.5,37716,227.1,38611,206.4,42901,1.0,0
1.022,1.0564,0.9768,262.3,28449,257.0,29124,231.9,32360,1.0,0
1.0586,0.9351,1.1268,264.4,37076,262.5,37957,253.3,42174,1.0,0
0.9115,0.8688,1.0533,179.1,37305,175.9,38191,160.4,42434,1.0,0
1.0502,1.1067,1.1675,230.0,32460,227.5,33231,215.8,36924,1.0,0
0.9332,0.8193,0.8654,212.8,32503,209.0,33275,190.4,36972,1.0,0
0.9031,0.9911,0.8184,150.2,25407,147.5,26011,134.4,28901,1.0,0
1.0738,0.8254,1.2097,283.1,45093,283.0,46164,282.6,51293,1.0,0
0.9794,0.8063,0.971,276.3,37052,271.0,37932,245.8,42147,1.0,0
1.0968,0.9886,1.1754,230.0,41611,230.0,41611,230.0,41611,1.2286,0
0.9153,0.8832,1.091,179.8,38007,176.5,38910,160.9,43233,1.0,0
1.0186,1.0617,1.0984,259.5,31834,254.2,32590,228.8,36211,1.0,0
0.9962,0.9358,1.0244,260.6,33680,255.5,34480,231.0,38311,1.0,0
0.9885,1.0443,1.0078,224.0,29694,219.7,30399,198.9,33777,1.0,0
0.9814,0.883,1.0273,255.0,35796,250.1,36647,226.7,40718,1.0,0
