情景,预算_万元,ΔQ3_max_m3,ΔQ3_max_变化率,ΔT_max_℃m2,ΔT_max_变化率,径流优先_ΔT_℃m2,降温优先_ΔQ3_m3,径流优先_摘要,降温优先_摘要
基准,100,248.9,0.0,35000,0.0,30769,220.5,P01×透水铺装; P04×透水铺装×0.14; P09×透水铺装,P01×雨水花园; P10×雨水花园×0.22
CN −10%,100,146.5,-0.4115,35000,0.0,30769,131.1,P01×透水铺装; P04×透水铺装×0.14; P09×透水铺装,P01×雨水花园; P10×雨水花园×0.22
CN +10%,100,226.5,-0.0899,35000,0.0,35000,226.5,P01×雨水花园; P10×雨水花园×0.22,P01×雨水花园; P10×雨水花园×0.22
单价 −20%,100,311.1,0.25,43750,0.25,38462,275.6,P01×透水铺装; P04×透水铺装×0.37; P09×透水铺装,P01×雨水花园; P10×雨水花园×0.36
单价 +20%,100,207.4,-0.1667,29167,-0.1667,25641,183.7,P01×透水铺装; P09×透水铺装×0.98,P01×雨水花园; P10×雨水花园×0.13
降温系数 −30%,100,248.9,0.0,24500,-0.3,21538,220.5,P01×透水铺装; P04×透水铺装×0.14; P09×透水铺装,P01×雨水花园; P10×雨水花园×0.22
降温系数 +30%,100,248.9,0.0,45500,0.3,40000,220.5,P01×透水铺装; P04×透水铺装×0.14; P09×透水铺装,P01×雨水花园; P10×雨水花园×0.22
预算 50 万,50,124.5,-0.5,17500,-0.5,15385,110.2,P01×透水铺装; P09×透水铺装×0.24,P01×雨水花园×0.83
预算 200 万,200,497.8,1.0,70000,1.0,61538,440.9,P01×透水铺装; P04×透水铺装; P09×透水铺装; P10×透水铺装×0.05,P01×雨水花园; P10×雨水花园×0.78
预算 400 万,400,919.4,2.6938,133205,2.8058,131515,917.2,P01×雨水花园; P04×透水铺装; P05×下沉式绿地×0.92; P09×透水铺装; P10×雨水花园,P01×雨水花园; P04×透水铺装; P09×透水铺装; P10×雨水花园; P12×透水铺装×0.16
