编号,名称,面积_m2,现状类型,措施,CN_新,工程可行,造价_元,ΔT_pm2_℃,ΔT每万元_℃m2,ΔT_收益_℃m2,ΔQ_1年_m3,ΔQ_3年_m3,ΔQ_5年_m3,ΔQ_10年_m3,ΔQ_3年每万元_m3
P01,田径场西侧看台带,3009.0,硬化,保持现状,98.0,Y,0,0.0,0.0,0,0.0,0.0,0.0,0.0,0.0
P01,田径场西侧看台带,3009.0,硬化,雨水花园,66.0,Y,601800,7.0,350.0,21063,100.94,132.68,145.7,161.57,2.2
P01,田径场西侧看台带,3009.0,硬化,下沉式绿地,68.0,N,135405,6.0,1333.3,18054,99.1,129.02,141.19,155.95,9.53
P01,田径场西侧看台带,3009.0,硬化,透水铺装,80.0,Y,391170,4.0,307.7,12036,79.63,97.36,104.13,112.03,2.49
P02,田径场北缓冲绿带,2752.0,草地,保持现状,74.0,Y,0,0.0,0.0,0,0.0,0.0,0.0,0.0,0.0
P02,田径场北缓冲绿带,2752.0,草地,雨水花园,66.0,Y,550400,1.0,50.0,2752,8.77,15.77,18.97,23.12,0.29
P02,田径场北缓冲绿带,2752.0,草地,下沉式绿地,68.0,Y,123840,0.0,0.0,0,7.09,12.42,14.84,17.97,1.0
P02,田径场北缓冲绿带,2752.0,草地,透水铺装,80.0,N,357760,0.0,0.0,0,-10.72,-16.53,-19.05,-22.2,-0.46
P03,跑道东侧缓冲带,3801.0,草地,保持现状,74.0,Y,0,0.0,0.0,0,0.0,0.0,0.0,0.0,0.0
P03,跑道东侧缓冲带,3801.0,草地,雨水花园,66.0,Y,760200,1.0,50.0,3801,12.12,21.79,26.2,31.93,0.29
P03,跑道东侧缓冲带,3801.0,草地,下沉式绿地,68.0,Y,171045,0.0,0.0,0,9.79,17.16,20.5,24.82,1.0
P03,跑道东侧缓冲带,3801.0,草地,透水铺装,80.0,N,494130,0.0,0.0,0,-14.8,-22.83,-26.3,-30.66,-0.46
P04,球场区（塑胶场地）,8477.0,球场,保持现状,98.0,Y,0,0.0,0.0,0,0.0,0.0,0.0,0.0,0.0
P04,球场区（塑胶场地）,8477.0,球场,雨水花园,66.0,N,1695400,7.0,350.0,59339,284.38,373.79,410.48,455.19,2.2
P04,球场区（塑胶场地）,8477.0,球场,下沉式绿地,68.0,N,381465,6.0,1333.3,50862,279.18,363.47,397.76,439.33,9.53
P04,球场区（塑胶场地）,8477.0,球场,透水铺装,80.0,Y,1102010,4.0,307.7,33908,224.33,274.29,293.37,315.61,2.49
P05,球场北侧绿地,1320.0,草地,保持现状,74.0,Y,0,0.0,0.0,0,0.0,0.0,0.0,0.0,0.0
P05,球场北侧绿地,1320.0,草地,雨水花园,66.0,Y,264000,1.0,50.0,1320,4.21,7.57,9.1,11.09,0.29
P05,球场北侧绿地,1320.0,草地,下沉式绿地,68.0,Y,59400,0.0,0.0,0,3.4,5.96,7.12,8.62,1.0
P05,球场北侧绿地,1320.0,草地,透水铺装,80.0,N,171600,0.0,0.0,0,-5.14,-7.93,-9.14,-10.65,-0.46
P06,北区楼间绿地,6600.0,草地,保持现状,74.0,Y,0,0.0,0.0,0,0.0,0.0,0.0,0.0,0.0
P06,北区楼间绿地,6600.0,草地,雨水花园,66.0,Y,1320000,1.0,50.0,6600,21.04,37.83,45.5,55.44,0.29
P06,北区楼间绿地,6600.0,草地,下沉式绿地,68.0,Y,297000,0.0,0.0,0,17.0,29.79,35.6,43.09,1.0
P06,北区楼间绿地,6600.0,草地,透水铺装,80.0,N,858000,0.0,0.0,0,-25.7,-39.64,-45.68,-53.23,-0.46
P07,东侧路旁绿带,9393.0,林地,保持现状,70.0,Y,0,0.0,0.0,0,0.0,0.0,0.0,0.0,0.0
P07,东侧路旁绿带,9393.0,林地,雨水花园,66.0,N,1878600,0.0,0.0,0,12.62,24.18,29.54,36.54,0.13
P07,东侧路旁绿带,9393.0,林地,下沉式绿地,68.0,Y,422685,0.0,0.0,0,6.86,12.74,15.45,18.97,0.3
P07,东侧路旁绿带,9393.0,林地,透水铺装,80.0,N,1221090,0.0,0.0,0,-53.92,-86.08,-100.23,-118.12,-0.7
P08,南区林下绿地,4104.0,林地,保持现状,70.0,Y,0,0.0,0.0,0,0.0,0.0,0.0,0.0,0.0
P08,南区林下绿地,4104.0,林地,雨水花园,66.0,N,820800,0.0,0.0,0,5.51,10.56,12.9,15.96,0.13
P08,南区林下绿地,4104.0,林地,下沉式绿地,68.0,Y,184680,0.0,0.0,0,3.0,5.57,6.75,8.29,0.3
P08,南区林下绿地,4104.0,林地,透水铺装,80.0,N,533520,0.0,0.0,0,-23.56,-37.61,-43.79,-51.61,-0.7
P09,小型运动场及周边,3456.0,球场,保持现状,98.0,Y,0,0.0,0.0,0,0.0,0.0,0.0,0.0,0.0
P09,小型运动场及周边,3456.0,球场,雨水花园,66.0,N,691200,7.0,350.0,24192,115.94,152.39,167.35,185.58,2.2
P09,小型运动场及周边,3456.0,球场,下沉式绿地,68.0,N,155520,6.0,1333.3,20736,113.82,148.18,162.16,179.11,9.53
P09,小型运动场及周边,3456.0,球场,透水铺装,80.0,Y,449280,4.0,307.7,13824,91.46,111.83,119.6,128.67,2.49
P10,宿舍区周边,8960.0,硬化,保持现状,98.0,Y,0,0.0,0.0,0,0.0,0.0,0.0,0.0,0.0
P10,宿舍区周边,8960.0,硬化,雨水花园,66.0,Y,1792000,7.0,350.0,62720,300.58,395.09,433.87,481.13,2.2
P10,宿舍区周边,8960.0,硬化,下沉式绿地,68.0,N,403200,6.0,1333.3,53760,295.09,384.18,420.42,464.37,9.53
P10,宿舍区周边,8960.0,硬化,透水铺装,80.0,Y,1164800,4.0,307.7,35840,237.11,289.92,310.09,333.6,2.49
P11,西北角绿地,4532.0,草地,保持现状,74.0,Y,0,0.0,0.0,0,0.0,0.0,0.0,0.0,0.0
P11,西北角绿地,4532.0,草地,雨水花园,66.0,Y,906400,1.0,50.0,4532,14.45,25.98,31.24,38.07,0.29
P11,西北角绿地,4532.0,草地,下沉式绿地,68.0,Y,203940,0.0,0.0,0,11.67,20.46,24.45,29.59,1.0
P11,西北角绿地,4532.0,草地,透水铺装,80.0,N,589160,0.0,0.0,0,-17.65,-27.22,-31.36,-36.55,-0.46
P12,东南角空地,2560.0,待核,保持现状,86.0,Y,0,0.0,0.0,0,0.0,0.0,0.0,0.0,0.0
P12,东南角空地,2560.0,待核,雨水花园,66.0,N,512000,7.0,350.0,17920,32.65,50.26,57.9,67.5,0.98
P12,东南角空地,2560.0,待核,下沉式绿地,68.0,N,115200,6.0,1333.3,15360,31.08,47.14,54.06,62.71,4.09
P12,东南角空地,2560.0,待核,透水铺装,80.0,Y,332800,4.0,307.7,10240,14.52,20.21,22.54,25.35,0.61
